{
    "returns": 42.64386721925325,
    "window": 200,
    "position_size": 1,
    "z_score": 2.809164906390774
}