{
    "returns": 53.108275403896414,
    "window": 200,
    "position_size": 1,
    "z_score": 3.0091122978146854
}