{
    "returns": 20.56922209687582,
    "window": 200,
    "position_size": 1,
    "z_score": 2.9561610034479138
}