{
    "returns": 62.364412154181764,
    "window": 300,
    "position_size": 1,
    "z_score": 3.0462167259985113
}