{
    "returns": 65.38119585037248,
    "window": 304,
    "position_size": 1,
    "z_score": 3.0869760767056573
}